p,lambda
1.3133986,0.7750259
2.6553195,0.37884936
4.1171303,0.24317068
9.6949215,0.10211717
1.7069396,0.58906704
8.587208,0.118040144
1.7141482,0.5756775
3.4458232,0.29294127
6.809456,0.14348039
6.203688,0.1574035
9.553868,0.10582123
4.172868,0.23860173
9.402454,0.104640774
9.274812,0.10857127
7.18416,0.1411677
0.2926749,3.4202938
7.994253,0.12876365
9.017476,0.109385215
5.286242,0.18672077
2.0519106,0.49632135
1.889853,0.518587
8.469412,0.119755425
0.9636868,1.0044448
5.5074434,0.17799
2.1138964,0.47143373
3.0826755,0.3217803
9.773829,0.105424844
2.8385887,0.34559834
6.8667502,0.1455389
7.697113,0.13032664
2.9534996,0.33787596
1.5509396,0.65935063
7.74439,0.12766923
4.5908318,0.21559508
2.9500082,0.3323468
2.195066,0.46353412
9.837853,0.1021793
6.4984384,0.15473396
5.2783327,0.19026944
1.2305355,0.7947819
9.133197,0.11058177
3.3945897,0.2964789
7.9283366,0.12972422
9.062834,0.11127971
2.1378727,0.46054918
9.781687,0.10162889
8.952559,0.11569126
5.7046494,0.17116472
7.2707105,0.13386391
2.8462017,0.35306898
7.2646723,0.14161055
4.3682237,0.22929917
3.322358,0.29409504
6.999031,0.14909405
3.8929656,0.25306252
7.0746975,0.14367977
8.530146,0.1206073
2.7811117,0.36033326
2.1443431,0.4720311
3.2716224,0.31466985
4.2951183,0.22697699
7.3113956,0.13893478
4.431093,0.23101164
6.9653263,0.14717472
9.954318,0.09965957
2.4137661,0.41811478
7.6084194,0.12997788
4.820195,0.20505926
4.239851,0.2315688
6.056426,0.16720422
1.2697778,0.79081154
3.2221234,0.3173995
2.812118,0.33897316
6.1432614,0.15996015
2.3274097,0.43257433
0.56916916,1.8177403
0.5024087,1.9629754
7.7679515,0.1242842
6.869826,0.14395086
8.510666,0.11738187
6.804139,0.14942282
0.617284,1.657222
7.0412025,0.14412373
5.5152416,0.18111084
9.621749,0.108309336
2.3748944,0.4156572
0.87031627,1.1499323
8.345615,0.12132566
4.284614,0.23123276
4.752686,0.20964509
7.197878,0.14082012
1.9108149,0.5144999
4.565151,0.21845704
8.043024,0.12407573
5.9814334,0.17484777
9.041392,0.1125216
8.667269,0.11395642
2.8076124,0.36193347
7.9780216,0.12290787
6.397826,0.15783225
1.2987846,0.7461545
2.7098722,0.37487862
7.562379,0.13201904
8.474887,0.115098834
1.6357176,0.6173862
7.070524,0.14401846
3.3263369,0.30343488
1.9167844,0.5243995
1.0758327,0.9071507
1.0774242,0.9444671
4.68332,0.20480031
1.2495135,0.79272616
6.0994177,0.17058699
8.26832,0.11785901
4.282861,0.22571957
6.234748,0.15772814
8.379572,0.12040162
8.258381,0.12107113
3.2039855,0.31865892
5.7007675,0.17582996
4.803129,0.20420688
1.2866061,0.7923947
2.077718,0.47662687
0.93497986,1.0849559
2.3002553,0.4471439
9.583069,0.10552863
9.078601,0.11310488
8.251318,0.11849415
8.480212,0.11711816
9.202668,0.10922104
1.962773,0.4985561
5.8472395,0.1757349
3.8277137,0.26798278
2.006082,0.5039256
1.4544941,0.69678026
8.6978855,0.11488493
6.4194813,0.15281874
7.1111593,0.13918428
8.92119,0.1117406
1.9672712,0.51154166
9.930539,0.10062272
4.9638386,0.2029351
3.5057797,0.2784191
9.380302,0.10524027
2.680047,0.3750736
8.607599,0.11858249
1.704806,0.56905836
6.044904,0.16682822
6.241714,0.16281128
3.3917308,0.2950442
6.14927,0.1631991
9.407306,0.10567813
3.7967026,0.2637093
1.2805891,0.7767499
4.6323047,0.2099655
1.1136365,0.9234671
6.6162457,0.1523879
7.4217954,0.13363545
0.45051682,2.2814984
8.325308,0.11971596
6.8871245,0.14730926
4.5148087,0.2147451
0.15729989,6.296344
1.8689485,0.5474246
4.607074,0.22372723
8.144471,0.12753643
0.5516885,1.867017
7.000551,0.14817235
0.27059686,3.6540504
5.365421,0.18167365
2.9152985,0.32764423
7.816466,0.12847883
1.629985,0.61196375
8.515327,0.1212214
7.6008577,0.1312715
9.760349,0.105964534
5.51323,0.17619278
2.2828112,0.45429134
7.453695,0.13428797
5.404616,0.19046344
0.31502205,3.243845
1.8907372,0.5211523
2.4729552,0.41258645
6.9438634,0.1426571
8.942433,0.11408451
1.7526969,0.5786698
4.5676064,0.22134273
6.3483267,0.15743779
8.416035,0.11856437
8.775549,0.11439959
4.737227,0.20160984
1.8087198,0.56510186
2.0355406,0.4918365
6.447558,0.15618439
5.0856366,0.19353916
0.7067811,1.4271784
9.52937,0.10425355
6.6346297,0.15586358
8.139141,0.119752765
3.8035977,0.2701079
4.866521,0.20275415
3.5222075,0.28670132
2.001102,0.49847665
9.175918,0.10715785
8.703342,0.11048411
5.668972,0.17943875
3.480569,0.27818003
2.9888632,0.3322869
1.3966117,0.73639333
7.0569663,0.14581892
0.54238397,1.8586699
6.091175,0.15925199
7.5423903,0.1325432
0.15440373,6.5004086
6.291156,0.15675995
6.328645,0.16258153
0.9640376,1.0444608
7.2722783,0.13867234
2.1727817,0.46026352
4.507687,0.21629043
2.739611,0.3590148
1.1648986,0.84351194
7.895288,0.12999271
6.7675643,0.1481903
7.969782,0.12687068
4.5589466,0.22161923
2.8338351,0.35646436
6.9265227,0.1494905
3.643803,0.27966943
6.900684,0.14609046
1.4386572,0.6986745
3.5609558,0.28959814
8.445476,0.11440714
2.6921637,0.3821846
2.1194913,0.4679287
3.9274473,0.2576576
4.021379,0.24787039
1.3659678,0.7341678
4.673879,0.21336727
2.6066682,0.35666227
9.912844,0.0987871
4.4701586,0.2204173
2.6503167,0.36785573
0.6029147,1.5987478
8.111969,0.12470187
4.515041,0.21718085
2.4130127,0.4157001
2.3794842,0.4306981
7.2196846,0.13564092
5.6983824,0.17500724
4.3393517,0.23587506
1.3524224,0.7354015
1.0476985,0.94800675
3.7286582,0.25696057
1.1134722,0.9227772
0.17140077,5.8081036
7.952331,0.12241683
1.7733163,0.57360226
7.845845,0.12640524
3.2290125,0.30928603
4.7857327,0.2062351
7.9956064,0.12691402
6.0714674,0.16691746
4.6841474,0.21150573
2.8886821,0.34632728
0.6701424,1.5384372
7.4089136,0.13539205
8.2166815,0.12059524
2.8012655,0.3670073
2.9308527,0.33678135
8.263389,0.12119562
0.23779301,4.1036835
0.49437907,1.98728
8.440383,0.117161214
3.8637838,0.26167262
3.8005836,0.26857623
3.4291458,0.28903338
2.8831742,0.3520434
6.866282,0.14537042
1.2877966,0.7874253
8.7397585,0.112622775
9.937038,0.10118609
8.056939,0.123744816
2.250286,0.44561577
7.571972,0.13866997
8.457153,0.11895304
1.2317615,0.8348464
6.1595154,0.16588788
1.4553968,0.6663655
6.5431304,0.15413822
1.7882684,0.5714259
1.1798353,0.8216747
3.6642098,0.26865083
3.2761912,0.32636815
6.0462046,0.16579145
5.2902746,0.1874921
8.045701,0.12446211
3.2310362,0.3044486
0.78071994,1.2845582
7.2250137,0.13913357
3.1407585,0.3168191
4.6959805,0.21914199
1.4372013,0.72010624
1.4681865,0.6958096
4.180567,0.23570068
8.615064,0.1149596
0.9551869,1.0195894
4.8489537,0.2080144
1.2526214,0.7913594
3.2561693,0.30390018
8.486595,0.116306245
8.493817,0.11836724
2.6438835,0.37964264
8.857273,0.11037057
5.926555,0.17397165
5.547599,0.18099202
9.731709,0.100017056
6.3241663,0.16090828
4.2158012,0.2332754
4.8353753,0.21446355
9.774661,0.10511884
4.5943236,0.22017355
2.5603426,0.4091167
4.9322376,0.19926812
2.220706,0.45338035
5.41382,0.18387146
8.606674,0.11418629
0.60345316,1.6156642
1.9969044,0.5123228
7.472967,0.1332621
1.9155935,0.5123963
2.1352494,0.46370026
5.9343657,0.17909685
4.997609,0.20033844
0.41133144,2.3984683
1.338819,0.74403787
7.733531,0.13246115
4.491456,0.2222756
2.7491016,0.36258212
2.7217455,0.36709714
6.816426,0.1452394
6.776063,0.14688691
7.0984364,0.14483713
6.5433116,0.15222122
4.8405957,0.20632435
4.130553,0.22814715
2.7780216,0.36513022
2.3052902,0.44469428
9.085592,0.108595535
0.46575254,2.1681452
6.866989,0.14249918
2.3412292,0.42996883
4.6596746,0.2162049
9.459319,0.101011716
9.590439,0.1065668
2.552371,0.40220514
0.5672983,1.7579669
9.7127695,0.100721486
6.7249255,0.14870422
8.318472,0.11988032
8.315111,0.122532666
4.5348363,0.22031562
6.076408,0.1641851
2.2945824,0.44467947
2.5043283,0.40471014
5.2723,0.19011118
8.7455015,0.11282364
4.0055084,0.24599488
3.1642075,0.3119228
4.8610606,0.20251647
1.2390815,0.8014744
5.323866,0.19238968
7.1558433,0.13888344
4.796493,0.20758134
7.933771,0.12094867
2.117983,0.48232654
7.406681,0.13410535
8.2620535,0.12267599
7.2467713,0.13948743
7.567681,0.13051787
8.362309,0.12086398
0.57117945,1.7000209
4.6975355,0.21008906
5.8191233,0.17716591
3.7500932,0.26188177
4.4426107,0.22723658
9.388732,0.10664606
0.3861502,2.5506794
9.928551,0.10380551
8.833818,0.113008216
1.6651111,0.6102485
4.709459,0.22133975
8.243454,0.11774957
3.4727008,0.28766704
5.6914206,0.17906365
3.9151876,0.25508404
9.22415,0.11103962
4.0492473,0.25026116
4.550859,0.22087885
4.3830004,0.23047662
5.339635,0.18436852
9.280474,0.10442849
5.9904284,0.16086791
0.28274852,3.5576963
5.812525,0.16861792
0.6111986,1.6811742
2.4251666,0.40239382
9.404898,0.10260132
0.19566451,4.903748
9.835909,0.10456242
1.4227409,0.7037076
2.8140242,0.35940915
3.741441,0.26064768
8.265282,0.124767795
9.134424,0.10617129
7.740123,0.12909348
2.8106675,0.3525589
8.6441965,0.11810763
4.505387,0.21683384
0.7543337,1.3144363
5.026828,0.19765423
0.5654387,1.7658893
4.188684,0.23877773
5.501082,0.18444489
1.8148059,0.56154764
0.6495232,1.5296116
9.070359,0.10994143
6.668567,0.15049456
4.2542253,0.23696722
7.577387,0.13172783
3.4685414,0.29152247
7.660768,0.13136074
5.935941,0.17127381
3.0505354,0.3238195
7.5542293,0.13299714
4.08782,0.24192026
6.3564997,0.15174727
5.9190383,0.16662225
5.3075743,0.18908727
7.83261,0.12641342
1.4746687,0.66487455
0.5096985,1.989339
0.595536,1.7211754
4.7006297,0.2157175
1.6261443,0.62375855
7.344793,0.13259214
3.634213,0.27828857
4.417472,0.23396486
1.4959939,0.6864377
4.552677,0.2201776
8.608781,0.11896507
6.1482043,0.16195615
0.40930915,2.4282138
5.9408216,0.17001472
7.8688025,0.12827085
6.0109277,0.16442026
3.655134,0.27272674
7.196171,0.14204898
9.824949,0.10085232
4.734258,0.21204261
0.69085187,1.4579704
8.160563,0.12503186
6.528635,0.15305676
6.5878806,0.15279317
3.0864017,0.33203158
5.2559485,0.18860371
6.312822,0.15649287
9.030629,0.10770897
3.1117449,0.32635337
1.5681881,0.63213086
1.0058483,0.9839771
0.5511882,1.7504141
2.0799217,0.47683728
4.2460127,0.23111893
2.4981332,0.39802027
8.208052,0.12105891
1.9849708,0.504329
3.5014653,0.29500407
8.85202,0.11056302
8.1279745,0.12289533
3.4857194,0.2838146
7.178759,0.13856041
2.420588,0.4147514
9.518802,0.106981106
9.690481,0.10350447
4.507442,0.22301428
0.22155982,4.5774837
9.048466,0.11096838
0.22886516,4.3376794
1.4853165,0.6740172
8.636478,0.11625325
9.114184,0.10643962
8.590082,0.11837366
2.6638825,0.3773406
9.671513,0.10503498
7.1218767,0.14130239
2.9043608,0.33662018
1.3187932,0.74994546
1.8656166,0.53697795
0.7187453,1.3607463
